{
    "Random_Forest": {
        "Accuracy": 0.9984652106888243,
        "Precision": 0.9974900900233394,
        "Recall": 0.9962260311352431,
        "F1_Score": 0.9968576598590343
    },
    "XGBoost": {
        "Accuracy": 0.998858514577108,
        "Precision": 0.997392944308853,
        "Recall": 0.9979372670175471,
        "F1_Score": 0.9976650314180426
    }
}