{
    "Accuracy": 0.42940776368848077,
    "Precision": 0.004216867469879518,
    "Recall": 0.00015441630636195183,
    "F1-Score": 0.0002979230507320395
}